accession,cluster,genus,taxonomy
AF493143,1,Ghunavirus,Viruses; Duplodnaviria; Heunggongvirae; Uroviricota; Caudoviricetes; Autographiviridae; Studiervirinae; Ghunavirus
AY247822,2,Teseptimavirus,Viruses; Duplodnaviria; Heunggongvirae; Uroviricota; Caudoviricetes; Autographiviridae; Studiervirinae; Teseptimavirus; Teseptimavirus YpPY
AY264774,3,Teseptimavirus,Viruses; Duplodnaviria; Heunggongvirae; Uroviricota; Caudoviricetes; Autographiviridae; Studiervirinae; Teseptimavirus
DQ029335,4,Chatterjeevirus,Viruses; Duplodnaviria; Heunggongvirae; Uroviricota; Caudoviricetes; Autographiviridae; Studiervirinae; Chatterjeevirus; Chatterjeevirus VP4
DQ100055,5,Teseptimavirus,Viruses; Duplodnaviria; Heunggongvirae; Uroviricota; Caudoviricetes; Autographiviridae; Studiervirinae; Teseptimavirus
DQ111067,6,Kayfunavirus,Viruses; Duplodnaviria; Heunggongvirae; Uroviricota; Caudoviricetes; Autographiviridae; Studiervirinae; Kayfunavirus; Kayfunavirus K1F
EU547803,7,Teetrevirus,Viruses; Duplodnaviria; Heunggongvirae; Uroviricota; Caudoviricetes; Autographiviridae; Studiervirinae; Teetrevirus; Teetrevirus SGJL2
EU652770,8,Minipunavirus,Viruses; Duplodnaviria; Heunggongvirae; Uroviricota; Caudoviricetes; Autographiviridae; Studiervirinae; Minipunavirus; Minipunavirus MmP1
EU734170,9,Berlinvirus,Viruses; Duplodnaviria; Heunggongvirae; Uroviricota; Caudoviricetes; Autographiviridae; Studiervirinae; Berlinvirus; Berlinvirus Yepe2
EU734171,10,Berlinvirus,Viruses; Duplodnaviria; Heunggongvirae; Uroviricota; Caudoviricetes; Autographiviridae; Studiervirinae; Berlinvirus; Berlinvirus BA14
EU734172,11,Kayfunavirus,Viruses; Duplodnaviria; Heunggongvirae; Uroviricota; Caudoviricetes; Autographiviridae; Studiervirinae; Kayfunavirus; Kayfunavirus EcoDS1
EU734173,12,Przondovirus,Viruses; Duplodnaviria; Heunggongvirae; Uroviricota; Caudoviricetes; Autographiviridae; Studiervirinae; Przondovirus
EU734174,13,Teseptimavirus,Viruses; Duplodnaviria; Heunggongvirae; Uroviricota; Caudoviricetes; Autographiviridae; Studiervirinae; Teseptimavirus; Teseptimavirus 13a
FJ194439,14,Berlinvirus,Viruses; Duplodnaviria; Heunggongvirae; Uroviricota; Caudoviricetes; Autographiviridae; Studiervirinae; Berlinvirus
FJ409640,15,Chatterjeevirus,Viruses; Duplodnaviria; Heunggongvirae; Uroviricota; Caudoviricetes; Autographiviridae; Studiervirinae; Chatterjeevirus; Chatterjeevirus N4
GQ413937,16,Przondovirus,Viruses; Duplodnaviria; Heunggongvirae; Uroviricota; Caudoviricetes; Autographiviridae; Studiervirinae; Przondovirus
GQ468526,17,Berlinvirus,Viruses; Duplodnaviria; Heunggongvirae; Uroviricota; Caudoviricetes; Autographiviridae; Studiervirinae; Berlinvirus; Berlinvirus 285P
GU583987,18,Pifdecavirus,Viruses; Duplodnaviria; Heunggongvirae; Uroviricota; Caudoviricetes; Autographiviridae; Studiervirinae; Pifdecavirus; Pifdecavirus IBBPF7A
HM480846,19,Przondovirus,Viruses; Duplodnaviria; Heunggongvirae; Uroviricota; Caudoviricetes; Autographiviridae; Studiervirinae; Przondovirus
HQ728265,20,Elunavirus,Viruses; Duplodnaviria; Heunggongvirae; Uroviricota; Caudoviricetes; Autographiviridae; Studiervirinae; Elunavirus; Elunavirus L1
JF906059,21,Teetrevirus,Viruses; Duplodnaviria; Heunggongvirae; Uroviricota; Caudoviricetes; Autographiviridae; Studiervirinae; Teetrevirus; Teetrevirus T7M
JX173487,22,Pifdecavirus,Viruses; Duplodnaviria; Heunggongvirae; Uroviricota; Caudoviricetes; Autographiviridae; Studiervirinae; Pifdecavirus; Pifdecavirus PhiS1
JX421753,23,Teetrevirus,Viruses; Duplodnaviria; Heunggongvirae; Uroviricota; Caudoviricetes; Autographiviridae; Studiervirinae; Teetrevirus; Teetrevirus T7M
JX872508,24,Teseptimavirus,Viruses; Duplodnaviria; Heunggongvirae; Uroviricota; Caudoviricetes; Autographiviridae; Studiervirinae; Teseptimavirus; Teseptimavirus IME15
KC109329,25,Kayfunavirus,Viruses; Duplodnaviria; Heunggongvirae; Uroviricota; Caudoviricetes; Autographiviridae; Studiervirinae; Kayfunavirus
KF700371,26,Berlinvirus,Viruses; Duplodnaviria; Heunggongvirae; Uroviricota; Caudoviricetes; Autographiviridae; Studiervirinae; Berlinvirus; Berlinvirus FE44
KJ748011,27,Kayfunavirus,Viruses; Duplodnaviria; Heunggongvirae; Uroviricota; Caudoviricetes; Autographiviridae; Studiervirinae; Kayfunavirus; Kayfunavirus PE31
KM242061,28,Teseptimavirus,Viruses; Duplodnaviria; Heunggongvirae; Uroviricota; Caudoviricetes; Autographiviridae; Studiervirinae; Teseptimavirus; Teseptimavirus CICC80001
KM253764,29,Teetrevirus,Viruses; Duplodnaviria; Heunggongvirae; Uroviricota; Caudoviricetes; Autographiviridae; Studiervirinae; Teetrevirus; Teetrevirus AP5
KM366096,30,Berlinvirus,Viruses; Duplodnaviria; Heunggongvirae; Uroviricota; Caudoviricetes; Autographiviridae; Studiervirinae; Berlinvirus; Berlinvirus BP12A
KP025626,31,Pifdecavirus,Viruses; Duplodnaviria; Heunggongvirae; Uroviricota; Caudoviricetes; Autographiviridae; Studiervirinae; Pifdecavirus; Pifdecavirus Pf10
KP090453,32,Berlinvirus,Viruses; Duplodnaviria; Heunggongvirae; Uroviricota; Caudoviricetes; Autographiviridae; Studiervirinae; Berlinvirus; Berlinvirus P483
KP090454,33,Berlinvirus,Viruses; Duplodnaviria; Heunggongvirae; Uroviricota; Caudoviricetes; Autographiviridae; Studiervirinae; Berlinvirus; Berlinvirus P694
KP313531,34,Teetrevirus,Viruses; Duplodnaviria; Heunggongvirae; Uroviricota; Caudoviricetes; Autographiviridae; Studiervirinae; Teetrevirus; Teetrevirus CFP1
KP791805,35,Teetrevirus,Viruses; Duplodnaviria; Heunggongvirae; Uroviricota; Caudoviricetes; Autographiviridae; Studiervirinae; Teetrevirus; Teetrevirus E2
KR149291,36,Przondovirus,Viruses; Duplodnaviria; Heunggongvirae; Uroviricota; Caudoviricetes; Autographiviridae; Studiervirinae; Przondovirus
KT321314,37,Eapunavirus,Viruses; Duplodnaviria; Heunggongvirae; Uroviricota; Caudoviricetes; Autographiviridae; Studiervirinae; Eapunavirus; Eapunavirus Eap1
KT367885,38,Przondovirus,Viruses; Duplodnaviria; Heunggongvirae; Uroviricota; Caudoviricetes; Autographiviridae; Studiervirinae; Przondovirus
KT852574,39,Apdecimavirus,Viruses; Duplodnaviria; Heunggongvirae; Uroviricota; Caudoviricetes; Autographiviridae; Studiervirinae; Apdecimavirus; Apdecimavirus AP10
KT990215,40,Kayfunavirus,Viruses; Duplodnaviria; Heunggongvirae; Uroviricota; Caudoviricetes; Autographiviridae; Studiervirinae; Kayfunavirus; Kayfunavirus GA2A
KU064779,41,Ghunavirus,Viruses; Duplodnaviria; Heunggongvirae; Uroviricota; Caudoviricetes; Autographiviridae; Studiervirinae; Ghunavirus; Ghunavirus PPPL1
KU183006,42,Przondovirus,Viruses; Duplodnaviria; Heunggongvirae; Uroviricota; Caudoviricetes; Autographiviridae; Studiervirinae; Przondovirus; Przondovirus IME205
KU687349,43,Kayfunavirus,Viruses; Duplodnaviria; Heunggongvirae; Uroviricota; Caudoviricetes; Autographiviridae; Studiervirinae; Kayfunavirus; Kayfunavirus SH3
KU687350,44,Kayfunavirus,Viruses; Duplodnaviria; Heunggongvirae; Uroviricota; Caudoviricetes; Autographiviridae; Studiervirinae; Kayfunavirus; Kayfunavirus SH4
KU927499,45,Teseptimavirus,Viruses; Duplodnaviria; Heunggongvirae; Uroviricota; Caudoviricetes; Autographiviridae; Studiervirinae; Teseptimavirus; Teseptimavirus tv64795ec1
KX078568,46,Minipunavirus,Viruses; Duplodnaviria; Heunggongvirae; Uroviricota; Caudoviricetes; Autographiviridae; Studiervirinae; Minipunavirus; Minipunavirus MP2
KX431888,47,Pifdecavirus,Viruses; Duplodnaviria; Heunggongvirae; Uroviricota; Caudoviricetes; Autographiviridae; Studiervirinae; Pifdecavirus; Pifdecavirus UNOSLW1
KX591654,48,Przondovirus,Viruses; Duplodnaviria; Heunggongvirae; Uroviricota; Caudoviricetes; Autographiviridae; Studiervirinae; Przondovirus; Przondovirus KpV763
KX669227,49,Kayfunavirus,Viruses; Duplodnaviria; Heunggongvirae; Uroviricota; Caudoviricetes; Autographiviridae; Studiervirinae; Kayfunavirus; Kayfunavirus ZG49
KX712070,50,Przondovirus,Viruses; Duplodnaviria; Heunggongvirae; Uroviricota; Caudoviricetes; Autographiviridae; Studiervirinae; Przondovirus; Przondovirus KpV767
KX712071,51,Przondovirus,Viruses; Duplodnaviria; Heunggongvirae; Uroviricota; Caudoviricetes; Autographiviridae; Studiervirinae; Przondovirus; Przondovirus KpV766
KX778611,52,Teetrevirus,Viruses; Duplodnaviria; Heunggongvirae; Uroviricota; Caudoviricetes; Autographiviridae; Studiervirinae; Teetrevirus; Teetrevirus SM93Y
KY084243,53,Berlinvirus,Viruses; Duplodnaviria; Heunggongvirae; Uroviricota; Caudoviricetes; Autographiviridae; Studiervirinae; Berlinvirus; Berlinvirus PP74
KY124276,54,Pektosvirus,Viruses; Duplodnaviria; Heunggongvirae; Uroviricota; Caudoviricetes; Autographiviridae; Studiervirinae; Pektosvirus; Pektosvirus PP81
KY389315,55,Przondovirus,Viruses; Duplodnaviria; Heunggongvirae; Uroviricota; Caudoviricetes; Autographiviridae; Studiervirinae; Przondovirus; Przondovirus K52
KY450753,56,Przondovirus,Viruses; Duplodnaviria; Heunggongvirae; Uroviricota; Caudoviricetes; Autographiviridae; Studiervirinae; Przondovirus; Przondovirus SHKp152234
KY652723,57,Przondovirus,Viruses; Duplodnaviria; Heunggongvirae; Uroviricota; Caudoviricetes; Autographiviridae; Studiervirinae; Przondovirus; Przondovirus PRA33
KY962008,58,Kayfunavirus,Viruses; Duplodnaviria; Heunggongvirae; Uroviricota; Caudoviricetes; Autographiviridae; Studiervirinae; Kayfunavirus; Kayfunavirus ST31
KY971611,59,Pijolavirus,Viruses; Duplodnaviria; Heunggongvirae; Uroviricota; Caudoviricetes; Autographiviridae; Studiervirinae; Pijolavirus; Pijolavirus PspYZU08
MF285615,60,Przondovirus,Viruses; Duplodnaviria; Heunggongvirae; Uroviricota; Caudoviricetes; Autographiviridae; Studiervirinae; Przondovirus; Przondovirus 2044307w
MF630921,61,Kayfunavirus,Viruses; Duplodnaviria; Heunggongvirae; Uroviricota; Caudoviricetes; Autographiviridae; Studiervirinae; Kayfunavirus; Kayfunavirus IMM002
MF979561,62,Unyawovirus,Viruses; Duplodnaviria; Heunggongvirae; Uroviricota; Caudoviricetes; Autographiviridae; Studiervirinae; Unyawovirus; Unyawovirus DUPPII
MG488277,63,Teseptimavirus,Viruses; Duplodnaviria; Heunggongvirae; Uroviricota; Caudoviricetes; Autographiviridae; Studiervirinae; Teseptimavirus; Teseptimavirus EG1
MG775258,64,Ghunavirus,Viruses; Duplodnaviria; Heunggongvirae; Uroviricota; Caudoviricetes; Autographiviridae; Studiervirinae; Ghunavirus; Ghunavirus henninger
MG832642,65,Teseptimavirus,Viruses; Duplodnaviria; Heunggongvirae; Uroviricota; Caudoviricetes; Autographiviridae; Studiervirinae; Teseptimavirus; Teseptimavirus HZ2R8
MG835568,66,Przondovirus,Viruses; Duplodnaviria; Heunggongvirae; Uroviricota; Caudoviricetes; Autographiviridae; Studiervirinae; Przondovirus; Przondovirus SHKp152410
MH059632,67,Aarhusvirus,Viruses; Duplodnaviria; Heunggongvirae; Uroviricota; Caudoviricetes; Autographiviridae; Studiervirinae; Aarhusvirus; Aarhusvirus dagda
MH059637,68,Jarilovirus,Viruses; Duplodnaviria; Heunggongvirae; Uroviricota; Caudoviricetes; Autographiviridae; Studiervirinae; Jarilovirus; Jarilovirus jarilo
MH059639,69,Ningirsuvirus,Viruses; Duplodnaviria; Heunggongvirae; Uroviricota; Caudoviricetes; Autographiviridae; Studiervirinae; Ningirsuvirus; Ningirsuvirus ninurta
MH172262,70,Przondovirus,Viruses; Duplodnaviria; Heunggongvirae; Uroviricota; Caudoviricetes; Autographiviridae; Studiervirinae; Przondovirus; Przondovirus KP32i194
MH172263,71,Przondovirus,Viruses; Duplodnaviria; Heunggongvirae; Uroviricota; Caudoviricetes; Autographiviridae; Studiervirinae; Przondovirus; Przondovirus KP32i195
MH179472,72,Pifdecavirus,Viruses; Duplodnaviria; Heunggongvirae; Uroviricota; Caudoviricetes; Autographiviridae; Studiervirinae; Pifdecavirus; Pifdecavirus pv22PfluR64PP
MH268168,73,Pifdecavirus,Viruses; Duplodnaviria; Heunggongvirae; Uroviricota; Caudoviricetes; Autographiviridae; Studiervirinae; Pifdecavirus; Pifdecavirus PFP1
MH370477,74,Foetvirus,Viruses; Duplodnaviria; Heunggongvirae; Uroviricota; Caudoviricetes; Autographiviridae; Studiervirinae; Foetvirus; Foetvirus SRT7
MH382198,75,Teseptimavirus,Viruses; Duplodnaviria; Heunggongvirae; Uroviricota; Caudoviricetes; Autographiviridae; Studiervirinae; Teseptimavirus; Teseptimavirus tv3A8767
MH400309,76,Kayfunavirus,Viruses; Duplodnaviria; Heunggongvirae; Uroviricota; Caudoviricetes; Autographiviridae; Studiervirinae; Kayfunavirus
MH460459,77,Ningirsuvirus,Viruses; Duplodnaviria; Heunggongvirae; Uroviricota; Caudoviricetes; Autographiviridae; Studiervirinae; Ningirsuvirus; Ningirsuvirus JA10
MH464253,78,Kayfunavirus,Viruses; Duplodnaviria; Heunggongvirae; Uroviricota; Caudoviricetes; Autographiviridae; Studiervirinae; Kayfunavirus; Kayfunavirus SFPH2
MH491167,79,Kayfunavirus,Viruses; Duplodnaviria; Heunggongvirae; Uroviricota; Caudoviricetes; Autographiviridae; Studiervirinae; Kayfunavirus; Kayfunavirus GW1
MH587638,80,Przondovirus,Viruses; Duplodnaviria; Heunggongvirae; Uroviricota; Caudoviricetes; Autographiviridae; Studiervirinae; Przondovirus; Przondovirus IME321
MH717098,81,Teseptimavirus,Viruses; Duplodnaviria; Heunggongvirae; Uroviricota; Caudoviricetes; Autographiviridae; Studiervirinae; Teseptimavirus; Teseptimavirus N30
MH717709,82,Teetrevirus,Viruses; Duplodnaviria; Heunggongvirae; Uroviricota; Caudoviricetes; Autographiviridae; Studiervirinae; Teetrevirus; Teetrevirus LL2
MH809534,83,Berlinvirus,Viruses; Duplodnaviria; Heunggongvirae; Uroviricota; Caudoviricetes; Autographiviridae; Studiervirinae; Berlinvirus; Berlinvirus PYPS50
MK033136,84,Kayfunavirus,Viruses; Duplodnaviria; Heunggongvirae; Uroviricota; Caudoviricetes; Autographiviridae; Studiervirinae; Kayfunavirus; Kayfunavirus EcpYZU01
MK134560,85,Przondovirus,Viruses; Duplodnaviria; Heunggongvirae; Uroviricota; Caudoviricetes; Autographiviridae; Studiervirinae; Przondovirus; Przondovirus kpssk3
MK203841,86,Przondovirus,Viruses; Duplodnaviria; Heunggongvirae; Uroviricota; Caudoviricetes; Autographiviridae; Studiervirinae; Przondovirus; Przondovirus henu1
MK290739,87,Pektosvirus,Viruses; Duplodnaviria; Heunggongvirae; Uroviricota; Caudoviricetes; Autographiviridae; Studiervirinae; Pektosvirus
MK301532,88,Kayfunavirus,Viruses; Duplodnaviria; Heunggongvirae; Uroviricota; Caudoviricetes; Autographiviridae; Studiervirinae; Kayfunavirus; Kayfunavirus Ro45lw
MK310182,89,Teseptimavirus,Viruses; Duplodnaviria; Heunggongvirae; Uroviricota; Caudoviricetes; Autographiviridae; Studiervirinae; Teseptimavirus; Teseptimavirus NCA
MK380015,90,Przondovirus,Viruses; Duplodnaviria; Heunggongvirae; Uroviricota; Caudoviricetes; Autographiviridae; Studiervirinae; Przondovirus
MK521905,91,Przondovirus,Viruses; Duplodnaviria; Heunggongvirae; Uroviricota; Caudoviricetes; Autographiviridae; Studiervirinae; Przondovirus
MK610268,92,Kayfunavirus,Viruses; Duplodnaviria; Heunggongvirae; Uroviricota; Caudoviricetes; Autographiviridae; Studiervirinae; Kayfunavirus
MK685668,93,Berlinvirus,Viruses; Duplodnaviria; Heunggongvirae; Uroviricota; Caudoviricetes; Autographiviridae; Studiervirinae; Berlinvirus; Berlinvirus A7
MK903279,94,Kayfunavirus,Viruses; Duplodnaviria; Heunggongvirae; Uroviricota; Caudoviricetes; Autographiviridae; Studiervirinae; Kayfunavirus
MK903281,95,Kayfunavirus,Viruses; Duplodnaviria; Heunggongvirae; Uroviricota; Caudoviricetes; Autographiviridae; Studiervirinae; Kayfunavirus
MN026740,96,Teseptimavirus,Viruses; Duplodnaviria; Heunggongvirae; Uroviricota; Caudoviricetes; Autographiviridae; Studiervirinae; Teseptimavirus
MN052874,97,Przondovirus,Viruses; Duplodnaviria; Heunggongvirae; Uroviricota; Caudoviricetes; Autographiviridae; Studiervirinae; Przondovirus
MN067430,98,Kayfunavirus,Viruses; Duplodnaviria; Heunggongvirae; Uroviricota; Caudoviricetes; Autographiviridae; Studiervirinae; Kayfunavirus
MN080711,99,Berlinvirus,Viruses; Duplodnaviria; Heunggongvirae; Uroviricota; Caudoviricetes; Autographiviridae; Studiervirinae; Berlinvirus
MN098329,100,Teseptimavirus,Viruses; Duplodnaviria; Heunggongvirae; Uroviricota; Caudoviricetes; Autographiviridae; Studiervirinae; Teseptimavirus
MN149903,101,Przondovirus,Viruses; Duplodnaviria; Heunggongvirae; Uroviricota; Caudoviricetes; Autographiviridae; Studiervirinae; Przondovirus
MN176574,102,Przondovirus,Viruses; Duplodnaviria; Heunggongvirae; Uroviricota; Caudoviricetes; Autographiviridae; Studiervirinae; Przondovirus
MN184885,103,,Viruses; Duplodnaviria; Heunggongvirae; Uroviricota; Caudoviricetes; Autographiviridae; Studiervirinae
MN218775,104,Kayfunavirus,Viruses; Duplodnaviria; Heunggongvirae; Uroviricota; Caudoviricetes; Autographiviridae; Studiervirinae; Kayfunavirus
MN308080,105,Pektosvirus,Viruses; Duplodnaviria; Heunggongvirae; Uroviricota; Caudoviricetes; Autographiviridae; Studiervirinae; Pektosvirus
MN414250,106,Kayfunavirus,Viruses; Duplodnaviria; Heunggongvirae; Uroviricota; Caudoviricetes; Autographiviridae; Studiervirinae; Kayfunavirus
MN450150,107,Elunavirus,Viruses; Duplodnaviria; Heunggongvirae; Uroviricota; Caudoviricetes; Autographiviridae; Studiervirinae; Elunavirus
MN481365,108,Teseptimavirus,Viruses; Duplodnaviria; Heunggongvirae; Uroviricota; Caudoviricetes; Autographiviridae; Studiervirinae; Teseptimavirus
MN715150,109,Kayfunavirus,Viruses; Duplodnaviria; Heunggongvirae; Uroviricota; Caudoviricetes; Autographiviridae; Studiervirinae; Kayfunavirus
MN812686,110,Kayfunavirus,Viruses; Duplodnaviria; Heunggongvirae; Uroviricota; Caudoviricetes; Autographiviridae; Studiervirinae; Kayfunavirus
MN812693,111,Ningirsuvirus,Viruses; Duplodnaviria; Heunggongvirae; Uroviricota; Caudoviricetes; Autographiviridae; Studiervirinae; Ningirsuvirus
MT104465,112,Ghunavirus,Viruses; Duplodnaviria; Heunggongvirae; Uroviricota; Caudoviricetes; Autographiviridae; Studiervirinae; Ghunavirus
MT104466,113,Ghunavirus,Viruses; Duplodnaviria; Heunggongvirae; Uroviricota; Caudoviricetes; Autographiviridae; Studiervirinae; Ghunavirus
MT350292,114,Kayfunavirus,Viruses; Duplodnaviria; Heunggongvirae; Uroviricota; Caudoviricetes; Autographiviridae; Studiervirinae; Kayfunavirus
MT350293,115,Teseptimavirus,Viruses; Duplodnaviria; Heunggongvirae; Uroviricota; Caudoviricetes; Autographiviridae; Studiervirinae; Teseptimavirus
MT446394,116,Kayfunavirus,Viruses; Duplodnaviria; Heunggongvirae; Uroviricota; Caudoviricetes; Autographiviridae; Studiervirinae; Kayfunavirus
MT446417,117,Przondovirus,Viruses; Duplodnaviria; Heunggongvirae; Uroviricota; Caudoviricetes; Autographiviridae; Studiervirinae; Przondovirus
MT542512,118,Berlinvirus,Viruses; Duplodnaviria; Heunggongvirae; Uroviricota; Caudoviricetes; Autographiviridae; Studiervirinae; Berlinvirus
MT543041,119,Teseptimavirus,Viruses; Duplodnaviria; Heunggongvirae; Uroviricota; Caudoviricetes; Autographiviridae; Studiervirinae; Teseptimavirus
MT597419,120,Warsawvirus,Viruses; Duplodnaviria; Heunggongvirae; Uroviricota; Caudoviricetes; Autographiviridae; Studiervirinae; Warsawvirus; Warsawvirus 3MF5
MT682707,121,Kayfunavirus,Viruses; Duplodnaviria; Heunggongvirae; Uroviricota; Caudoviricetes; Autographiviridae; Studiervirinae; Kayfunavirus
MT711887,122,Troedvirus,Viruses; Duplodnaviria; Heunggongvirae; Uroviricota; Caudoviricetes; Autographiviridae; Studiervirinae; Troedvirus
MT711889,123,Ghunavirus,Viruses; Duplodnaviria; Heunggongvirae; Uroviricota; Caudoviricetes; Autographiviridae; Studiervirinae; Ghunavirus
MT711890,124,Ghunavirus,Viruses; Duplodnaviria; Heunggongvirae; Uroviricota; Caudoviricetes; Autographiviridae; Studiervirinae; Ghunavirus
MT740748,125,,Viruses; Duplodnaviria; Heunggongvirae; Uroviricota; Caudoviricetes; Autographiviridae; Studiervirinae
MT808983,126,Kayfunavirus,Viruses; Duplodnaviria; Heunggongvirae; Uroviricota; Caudoviricetes; Autographiviridae; Studiervirinae; Kayfunavirus
MT862763,127,Kayfunavirus,Viruses; Duplodnaviria; Heunggongvirae; Uroviricota; Caudoviricetes; Autographiviridae; Studiervirinae; Kayfunavirus
MT966873,128,Przondovirus,Viruses; Duplodnaviria; Heunggongvirae; Uroviricota; Caudoviricetes; Autographiviridae; Studiervirinae; Przondovirus
MW042806,129,Przondovirus,Viruses; Duplodnaviria; Heunggongvirae; Uroviricota; Caudoviricetes; Autographiviridae; Studiervirinae; Przondovirus
MW057854,130,,Viruses; Duplodnaviria; Heunggongvirae; Uroviricota; Caudoviricetes; Autographiviridae; Studiervirinae
MW074885,131,Teseptimavirus,Viruses; Duplodnaviria; Heunggongvirae; Uroviricota; Caudoviricetes; Autographiviridae; Studiervirinae; Teseptimavirus
MW258709,132,Kayfunavirus,Viruses; Duplodnaviria; Heunggongvirae; Uroviricota; Caudoviricetes; Autographiviridae; Studiervirinae; Kayfunavirus
MW345254,133,Kayfunavirus,Viruses; Duplodnaviria; Heunggongvirae; Uroviricota; Caudoviricetes; Autographiviridae; Studiervirinae; Kayfunavirus
MW358928,134,,Viruses; Duplodnaviria; Heunggongvirae; Uroviricota; Caudoviricetes; Autographiviridae; Studiervirinae
MW367418,135,Berlinvirus,Viruses; Duplodnaviria; Heunggongvirae; Uroviricota; Caudoviricetes; Autographiviridae; Studiervirinae; Berlinvirus
MW416012,136,Kayfunavirus,Viruses; Duplodnaviria; Heunggongvirae; Uroviricota; Caudoviricetes; Autographiviridae; Studiervirinae; Kayfunavirus
MW748991,137,Kayfunavirus,Viruses; Duplodnaviria; Heunggongvirae; Uroviricota; Caudoviricetes; Autographiviridae; Studiervirinae; Kayfunavirus
MW883060,138,Teseptimavirus,Viruses; Duplodnaviria; Heunggongvirae; Uroviricota; Caudoviricetes; Autographiviridae; Studiervirinae; Teseptimavirus
MZ220766,139,Teseptimavirus,Viruses; Duplodnaviria; Heunggongvirae; Uroviricota; Caudoviricetes; Autographiviridae; Studiervirinae; Teseptimavirus
MZ234011,140,Kayfunavirus,Viruses; Duplodnaviria; Heunggongvirae; Uroviricota; Caudoviricetes; Autographiviridae; Studiervirinae; Kayfunavirus
MZ398245,141,Przondovirus,Viruses; Duplodnaviria; Heunggongvirae; Uroviricota; Caudoviricetes; Autographiviridae; Studiervirinae; Przondovirus
MZ424865,142,Przondovirus,Viruses; Duplodnaviria; Heunggongvirae; Uroviricota; Caudoviricetes; Autographiviridae; Studiervirinae; Przondovirus
MZ501064,143,Berlinvirus,Viruses; Duplodnaviria; Heunggongvirae; Uroviricota; Caudoviricetes; Autographiviridae; Studiervirinae; Berlinvirus
MZ501078,144,Teseptimavirus,Viruses; Duplodnaviria; Heunggongvirae; Uroviricota; Caudoviricetes; Autographiviridae; Studiervirinae; Teseptimavirus
MZ501272,145,Ghunavirus,Viruses; Duplodnaviria; Heunggongvirae; Uroviricota; Caudoviricetes; Autographiviridae; Studiervirinae; Ghunavirus
MZ571832,146,Przondovirus,Viruses; Duplodnaviria; Heunggongvirae; Uroviricota; Caudoviricetes; Autographiviridae; Studiervirinae; Przondovirus
MZ648215,147,Kayfunavirus,Viruses; Duplodnaviria; Heunggongvirae; Uroviricota; Caudoviricetes; Autographiviridae; Studiervirinae; Kayfunavirus
MZ826345,148,Ghunavirus,Viruses; Duplodnaviria; Heunggongvirae; Uroviricota; Caudoviricetes; Autographiviridae; Studiervirinae; Ghunavirus; Ghunavirus shl2
MZ833439,149,Teseptimavirus,Viruses; Duplodnaviria; Heunggongvirae; Uroviricota; Caudoviricetes; Autographiviridae; Studiervirinae; Teseptimavirus
MZ923531,150,Kayfunavirus,Viruses; Duplodnaviria; Heunggongvirae; Uroviricota; Caudoviricetes; Autographiviridae; Studiervirinae; Kayfunavirus
OK042080,151,Teseptimavirus,Viruses; Duplodnaviria; Heunggongvirae; Uroviricota; Caudoviricetes; Autographiviridae; Studiervirinae; Teseptimavirus
OK138556,152,Przondovirus,Viruses; Duplodnaviria; Heunggongvirae; Uroviricota; Caudoviricetes; Autographiviridae; Studiervirinae; Przondovirus
OK210074,153,Kayfunavirus,Viruses; Duplodnaviria; Heunggongvirae; Uroviricota; Caudoviricetes; Autographiviridae; Studiervirinae; Kayfunavirus
OL409034,154,Przondovirus,Viruses; Duplodnaviria; Heunggongvirae; Uroviricota; Caudoviricetes; Autographiviridae; Studiervirinae; Przondovirus
OL800603,155,Berlinvirus,Viruses; Duplodnaviria; Heunggongvirae; Uroviricota; Caudoviricetes; Autographiviridae; Studiervirinae; Berlinvirus
OL856139,156,,Viruses; Duplodnaviria; Heunggongvirae; Uroviricota; Caudoviricetes; Autographiviridae; Studiervirinae
OM131411,157,Pijolavirus,Viruses; Duplodnaviria; Heunggongvirae; Uroviricota; Caudoviricetes; Autographiviridae; Studiervirinae; Pijolavirus
OM194188,158,Przondovirus,Viruses; Duplodnaviria; Heunggongvirae; Uroviricota; Caudoviricetes; Autographiviridae; Studiervirinae; Przondovirus
OM194190,159,Przondovirus,Viruses; Duplodnaviria; Heunggongvirae; Uroviricota; Caudoviricetes; Autographiviridae; Studiervirinae; Przondovirus
OM256482,160,Kayfunavirus,Viruses; Duplodnaviria; Heunggongvirae; Uroviricota; Caudoviricetes; Autographiviridae; Studiervirinae; Kayfunavirus
OM355495,161,Kayfunavirus,Viruses; Duplodnaviria; Heunggongvirae; Uroviricota; Caudoviricetes; Autographiviridae; Studiervirinae; Kayfunavirus
OM457002,162,Kayfunavirus,Viruses; Duplodnaviria; Heunggongvirae; Uroviricota; Caudoviricetes; Autographiviridae; Studiervirinae; Kayfunavirus
OM630586,163,Teseptimavirus,Viruses; Duplodnaviria; Heunggongvirae; Uroviricota; Caudoviricetes; Autographiviridae; Studiervirinae; Teseptimavirus
OM630590,164,Ghunavirus,Viruses; Duplodnaviria; Heunggongvirae; Uroviricota; Caudoviricetes; Autographiviridae; Studiervirinae; Ghunavirus
OM716005,165,,Viruses; Duplodnaviria; Heunggongvirae; Uroviricota; Caudoviricetes; Autographiviridae; Studiervirinae
OM864357,166,Kayfunavirus,Viruses; Duplodnaviria; Heunggongvirae; Uroviricota; Caudoviricetes; Autographiviridae; Studiervirinae; Kayfunavirus
OM908436,167,Kayfunavirus,Viruses; Duplodnaviria; Heunggongvirae; Uroviricota; Caudoviricetes; Autographiviridae; Studiervirinae; Kayfunavirus
ON528715,168,Teseptimavirus,Viruses; Duplodnaviria; Heunggongvirae; Uroviricota; Caudoviricetes; Autographiviridae; Studiervirinae; Teseptimavirus
ON528716,169,Teseptimavirus,Viruses; Duplodnaviria; Heunggongvirae; Uroviricota; Caudoviricetes; Autographiviridae; Studiervirinae; Teseptimavirus
ON528719,170,Teseptimavirus,Viruses; Duplodnaviria; Heunggongvirae; Uroviricota; Caudoviricetes; Autographiviridae; Studiervirinae; Teseptimavirus
ON602733,171,Przondovirus,Viruses; Duplodnaviria; Heunggongvirae; Uroviricota; Caudoviricetes; Autographiviridae; Studiervirinae; Przondovirus
ON602753,172,Przondovirus,Viruses; Duplodnaviria; Heunggongvirae; Uroviricota; Caudoviricetes; Autographiviridae; Studiervirinae; Przondovirus
ON922920,173,Berlinvirus,Viruses; Duplodnaviria; Heunggongvirae; Uroviricota; Caudoviricetes; Autographiviridae; Studiervirinae; Berlinvirus
ON995367,174,Unyawovirus,Viruses; Duplodnaviria; Heunggongvirae; Uroviricota; Caudoviricetes; Autographiviridae; Studiervirinae; Unyawovirus
OP045496,175,Przondovirus,Viruses; Duplodnaviria; Heunggongvirae; Uroviricota; Caudoviricetes; Autographiviridae; Studiervirinae; Przondovirus
OP272490,176,Kayfunavirus,Viruses; Duplodnaviria; Heunggongvirae; Uroviricota; Caudoviricetes; Autographiviridae; Studiervirinae; Kayfunavirus
OP331230,177,Teseptimavirus,Viruses; Duplodnaviria; Heunggongvirae; Uroviricota; Caudoviricetes; Autographiviridae; Studiervirinae; Teseptimavirus
OP764599,178,Berlinvirus,Viruses; Duplodnaviria; Heunggongvirae; Uroviricota; Caudoviricetes; Autographiviridae; Studiervirinae; Berlinvirus
OP924544,179,Pijolavirus,Viruses; Duplodnaviria; Heunggongvirae; Uroviricota; Caudoviricetes; Autographiviridae; Studiervirinae; Pijolavirus
OQ031073,180,Kayfunavirus,Viruses; Duplodnaviria; Heunggongvirae; Uroviricota; Caudoviricetes; Autographiviridae; Studiervirinae; Kayfunavirus
